Workbook

Sheet README
B2: Carbon Sequestration Calculator — Trees & Mangroves
B3: Interim tool based on Verra VCS, UNFCCC/CDM and IPCC standard factors. Measures EXISTING carbon. v1.5
B6: HOW TO USE
B7: Colour key on every tab: YELLOW = you (or the AI) enter this · BLUE = fixed constant, leave it · GREEN = auto-calculated, never type here. So you only ever edit the yellow cells.
B9: THE TABS
B10: 1. Reference Factors — default constants and rates in one place, each with a cited source.
B11: 2. Trees - By Size Category (PRIMARY) — count trees per size (Small / Medium / Large), judged from trunk, height and canopy. Each size has one fixed CO2e/tree. Built for a photo AI to auto-assign the size; tree count is the only input.
B12: 3. Trees - Tree Count — alternative for field-measured trees (per-tree DBH). Cross-check only; estimates the same trees as tab 2.
B13: 4. Mangroves - Carbon Stored — for EXISTING mangroves: carbon already held (biomass + soil), from area. No accounting period.
B14: 5. Summary — totals the existing-carbon methods (trees by size + mangroves).
B16: THE CORE EQUATION (used everywhere)
B17: CO2e (tonnes) = Biomass (t dry matter) × Carbon Fraction (0.47) × 44/12
... B24: Verra VM0047 Afforestation, Reforestation & Revegetation v1.1; Verra VM0033 Tidal Wetland & Seagrass Restoration v2.1; UNFCCC CDM AR-TOOL14 (carbon stocks in trees/shrubs); IPCC 2006 GL for National GHG Inventories Vol.4 (AFOLU) & 2013 Wetlands Supplement.

Sheet Reference Factors
B2: Reference Factors & Default Rates
B3: All calculators reference these cells. Edit a YELLOW default to update it everywhere.
B4: KEY: | C4: Input | D4: Fixed | E4: Calculated
B5: Universal conversion constants
B6: Parameter | C6: Value | D6: Unit | E6: Source / Notes
B7: Carbon fraction of biomass (CF) | C7: 0.47 | D7: t C / t d.m. | E7: IPCC 2006 GL Vol.4, default for biomass
B8: CO2 : C molecular ratio | C8: =44/12 -> 3.6666667 | D8: t CO2 / t C | E8: 44/12 = 3.667 (fixed constant)
B10: Root-to-shoot ratios (belowground : aboveground biomass, R)
B11: Parameter | C11: Value | D11: Unit | E11: Source / Notes
B12: Tropical/subtropical forest (general) | C12: 0.24 | D12: ratio | E12: IPCC 2006 GL Vol.4 Table 4.4
B13: Mangrove | C13: 0.39 | D13: ratio | E13: Komiyama et al. 2005; IPCC 2013 Wetlands Suppl.
B15: Default aboveground biomass growth rates (young stands)
B16: Parameter | C16: Value | D16: Unit | E16: Source / Notes
B17: Tropical moist plantation (broadleaf) | C17: 12 | D17: t d.m./ha/yr | E17: IPCC 2006 GL Vol.4 Table 4.10 (indicative)
B18: Tropical dry / subtropical plantation | C18: 6 | D18: t d.m./ha/yr | E18: IPCC 2006 GL Vol.4 Table 4.10 (indicative)
B19: Mangrove aboveground biomass growth | C19: 8 | D19: t d.m./ha/yr | E19: Literature mean; override with local data
B21: Mangrove soil organic carbon accumulation
B22: Parameter | C22: Value | D22: Unit | E22: Source / Notes
B23: Soil organic C accumulation rate | C23: 1.62 | D23: t C/ha/yr | E23: IPCC 2013 Wetlands Suppl. Tier-1 mangrove; conservative

Sheet Trees - Tree Count
B2: Trees — Tree-Count / Allometric Calculator (AR-TOOL14 style)
B3: Use with surveyed tree data. Default equation: AGB = exp(-2.134 + 2.530×ln(DBH)) [Brown 1997, tropical].
B4: KEY: | C4: Input | D4: Fixed | E4: Calculated
B5: Allometric coefficients (edit if using a species-specific equation)
B6: Coefficient a | C6: -2.134 | D6: Coefficient b | E6: 2.53 | F6: Form: AGB = exp(a + b·ln(DBH))
B8: Tree inventory — add rows as needed (example row shown)
B9: Species / group | C9: Avg DBH | D9: Tree count | E9: R (below:above) | F9: AGB per tree | G9: Total biomass | H9: CO2e
C10: cm | D10: count | E10: ratio | F10: kg d.m. | G10: t d.m. | H10: t CO2e
B11: Rhizophora (example) | C11: 10 | D11: 500 | E11: ='Reference Factors'!C12 -> 0.24 | F11: =IF(C11="","",EXP($C$6+$E$6*LN(C11))) -> 40.106575 | G11: =IF(C11="","",F11/1000*D11*(1+E11)) -> 24.866076 | H11: =IF(G11="","",G11*'Reference Factors'!$C$7*'Reference Factors'!$C$8) -> 42.852538
F12: =IF(C12="","",EXP($C$6+$E$6*LN(C12))) | G12: =IF(C12="","",F12/1000*D12*(1+E12)) | H12: =IF(G12="","",G12*'Reference Factors'!$C$7*'Reference Factors'!$C$8)
F13: =IF(C13="","",EXP($C$6+$E$6*LN(C13))) | G13: =IF(C13="","",F13/1000*D13*(1+E13)) | H13: =IF(G13="","",G13*'Reference Factors'!$C$7*'Reference Factors'!$C$8)
F14: =IF(C14="","",EXP($C$6+$E$6*LN(C14))) | G14: =IF(C14="","",F14/1000*D14*(1+E14)) | H14: =IF(G14="","",G14*'Reference Factors'!$C$7*'Reference Factors'!$C$8)
F15: =IF(C15="","",EXP($C$6+$E$6*LN(C15))) | G15: =IF(C15="","",F15/1000*D15*(1+E15)) | H15: =IF(G15="","",G15*'Reference Factors'!$C$7*'Reference Factors'!$C$8)
F16: =IF(C16="","",EXP($C$6+$E$6*LN(C16))) | G16: =IF(C16="","",F16/1000*D16*(1+E16)) | H16: =IF(G16="","",G16*'Reference Factors'!$C$7*'Reference Factors'!$C$8)
F17: =IF(C17="","",EXP($C$6+$E$6*LN(C17))) | G17: =IF(C17="","",F17/1000*D17*(1+E17)) | H17: =IF(G17="","",G17*'Reference Factors'!$C$7*'Reference Factors'!$C$8)
F18: =IF(C18="","",EXP($C$6+$E$6*LN(C18))) | G18: =IF(C18="","",F18/1000*D18*(1+E18)) | H18: =IF(G18="","",G18*'Reference Factors'!$C$7*'Reference Factors'!$C$8)
F19: =IF(C19="","",EXP($C$6+$E$6*LN(C19))) | G19: =IF(C19="","",F19/1000*D19*(1+E19)) | H19: =IF(G19="","",G19*'Reference Factors'!$C$7*'Reference Factors'!$C$8)
F20: =IF(C20="","",EXP($C$6+$E$6*LN(C20))) | G20: =IF(C20="","",F20/1000*D20*(1+E20)) | H20: =IF(G20="","",G20*'Reference Factors'!$C$7*'Reference Factors'!$C$8)
F21: =IF(C21="","",EXP($C$6+$E$6*LN(C21))) | G21: =IF(C21="","",F21/1000*D21*(1+E21)) | H21: =IF(G21="","",G21*'Reference Factors'!$C$7*'Reference Factors'!$C$8)
F22: =IF(C22="","",EXP($C$6+$E$6*LN(C22))) | G22: =IF(C22="","",F22/1000*D22*(1+E22)) | H22: =IF(G22="","",G22*'Reference Factors'!$C$7*'Reference Factors'!$C$8)
F23: =IF(C23="","",EXP($C$6+$E$6*LN(C23))) | G23: =IF(C23="","",F23/1000*D23*(1+E23)) | H23: =IF(G23="","",G23*'Reference Factors'!$C$7*'Reference Factors'!$C$8)
... F30: =IF(C30="","",EXP($C$6+$E$6*LN(C30))) | G30: =IF(C30="","",F30/1000*D30*(1+E30)) | H30: =IF(G30="","",G30*'Reference Factors'!$C$7*'Reference Factors'!$C$8)
B31: TOTAL | D31: =SUM(D11:D30) -> 500 | G31: =SUM(G11:G30) -> 24.866076 | H31: =SUM(H11:H30) -> 42.852538
B33: Note: this estimates carbon stock CURRENTLY STANDING in the inventoried trees, not annual accrual. DBH in cm; AGB equation returns kg dry matter per tree.

Sheet Mangroves - Blue Carbon
B2: Mangroves — Carbon Already Stored (standing stock)
B3: For EXISTING / mature mangroves: how much carbon they hold now. Enter the area; no accounting period. Counts biomass AND soil organic carbon — the dominant pool in mangroves.
B4: KEY: | C4: Input | D4: Fixed | E4: Calculated
B5: Inputs
B6: Project / site name | C6: Example: Coastal Mangrove
B7: Existing mangrove area | C7: 50 | D7: hectares
B8: Aboveground biomass density | C8: 150 | D8: t d.m./ha
B9: Root-to-shoot ratio (R) | C9: ='Reference Factors'!$C$13 -> 0.39 | D9: ratio
B10: Carbon fraction (CF) | C10: ='Reference Factors'!$C$7 -> 0.47 | D10: t C/t d.m.
B11: Soil organic carbon stock | C11: 386 | D11: t C/ha
B13: Results — carbon standing now
B14: Biomass carbon stored | C14: =C7*C8*(1+C9)*C10 -> 4899.75 | D14: t C
B15: Soil carbon stored | C15: =C7*C11 -> 19300 | D15: t C
B16: Total carbon stored | C16: =C14+C15 -> 24199.75 | D16: t C
B17: TOTAL CO2e STORED | C17: =C16*'Reference Factors'!$C$8 -> 88732.417 | D17: t CO2e
B18: CO2e per hectare | C18: =C17/C7 -> 1774.6483 | D18: t CO2e/ha
B20: Method: Biomass C = area × AGB density × (1+R) × CF ; Soil C = area × soil C stock ; CO2e = (Biomass C + Soil C) × 44/12. No years — this is carbon already held, not accumulation.
B21: Defaults (AGB 150 t d.m./ha, soil 386 t C/ha) give ~484 t C/ha, near the IPCC Tier-1 mangrove default of ~511 t C/ha. Mangrove soil carbon varies widely — replace with local soil-core data where possible.

Sheet Trees - By Category
B2: Trees — By Size Category (generic; no species needed)
B3: Works for thousands of unknown, mixed trees. The AI in the UI reads three mandatory cues from the photo — trunk thickness, height, and canopy — and assigns Small / Medium / Large. Each size has one fixed CO2e/tree.
B4: KEY: | C4: Input | D4: Fixed | E4: Calculated
B5: Method settings (edit only if tuning the model)
B6: Allometric coefficient a | C6: -2.134 | D6: coefficient b | E6: 2.53 | F6: AGB(kg) = exp(a + b·ln(DBH)) × biomass factor
B7: Root-to-shoot (R) | C7: ='Reference Factors'!C12 -> 0.24 | D7: Carbon fraction | E7: ='Reference Factors'!$C$7 -> 0.47
B9: Size category — AI reads all three cues (all mandatory). Priority: trunk > height > canopy
B10: Size category | C10: Trunk diameter (DBH) | D10: Height | E10: Canopy appearance
B11: Small | C11: under ~15 cm | D11: under ~5 m | E11: small, sparse crown
B12: Medium | C12: ~15 – 30 cm | D12: ~5 – 12 m | E12: full, well-developed crown
B13: Large | C13: over ~30 cm | D13: over ~12 m | E13: large, broad spreading canopy
B14: All three cues are required. Trunk diameter is the strongest predictor and wins if cues disagree; height breaks ties; canopy confirms. Absolute size needs a scale reference in the photo (person, stake, or AR/LiDAR).
B16: Size categories & counts — edit Rep. DBH, Biomass factor, Tree count (yellow)
B17: Size category | C17: Rep. DBH (cm) | D17: Biomass factor | E17: AGB/tree (kg) | F17: CO2e/tree (t) | G17: Tree count | H17: Total CO2e (t)
B18: Small | C18: 10 | D18: 1 | E18: =EXP($C$6+$E$6*LN(C18))*D18 -> 40.106575 | F18: =E18/1000*(1+$C$7)*$E$7*'Reference Factors'!$C$8 -> 0.085705077 | G18: 300 | H18: =F18*G18 -> 25.711523
B19: Medium | C19: 25 | D19: 1 | E19: =EXP($C$6+$E$6*LN(C19))*D19 -> 407.38384 | F19: =E19/1000*(1+$C$7)*$E$7*'Reference Factors'!$C$8 -> 0.87055211 | G19: 120 | H19: =F19*G19 -> 104.46625
B20: Large | C20: 45 | D20: 1 | E20: =EXP($C$6+$E$6*LN(C20))*D20 -> 1802.367 | F20: =E20/1000*(1+$C$7)*$E$7*'Reference Factors'!$C$8 -> 3.8515382 | G20: 30 | H20: =F20*G20 -> 115.54615
B21: TOTAL | G21: =SUM(G18:G20) -> 450 | H21: =SUM(H18:H20) -> 245.72392
B23: How it works: the AI returns a size (Small/Medium/Large) from the three cues; the UI looks up that row's CO2e/tree and multiplies by the count. You only edit Tree count.
B24: Biomass factor is a single blended value (1.0 = average tropical tree) since species are unknown. If a site is mostly palms, lower it (~0.3); mostly dense hardwood, raise it (~1.1). Standing stock, not annual growth.

Sheet Summary
B2: Portfolio Summary
B3: Existing carbon stored now (standing stock). Trees use the photo/size method; mangroves use area.
B5: Method | C5: Total CO2e stored (t)
B6: Trees — By Size Category (primary) | C6: ='Trees - By Category'!H21 -> 245.72392
B7: Mangroves — Carbon Stored | C7: ='Mangroves - Blue Carbon'!C17 -> 88732.417
B8: TOTAL EXISTING CO2e | C8: =C6+C7 -> 88978.141
B10: Alternative tree method (cross-check only — NOT added above):
B11: Trees — Tree Count (field-measured DBH) | C11: ='Trees - Tree Count'!H31 -> 42.852538
B13: Gross existing carbon stock for planning — before baseline, leakage and buffer deductions and third-party validation. By Size Category and Tree Count are two ways to estimate the SAME trees; use one, not both.
